"test","replications","elapsed","relative","user.self","sys.self","py"
"palindrome in R (1)",10000,0.5500000000000003,1.007,0.544,0.003999999999999976,0.17702248099999895
"palindrome in R (2)",10000,0.5470000000000002,1.002,0.5430000000000001,0.0020000000000000018,0.1704421280000048
"palindrome in R (3)",10000,0.5470000000000002,1.002,0.5420000000000003,0.0020000000000000018,0.17054568599995878
"palindrome in R (4)",10000,0.5460000000000003,1.0,0.5409999999999999,0.0030000000000000027,0.1706236450000045
"palindrome in R (5)",10000,0.556,1.018,0.5520000000000005,0.0020000000000000018,0.1701013290000244
